{"stats":{"minecraft:used":{"minecraft:zombie_spawn_egg":2},"minecraft:custom":{"minecraft:jump":18,"minecraft:time_since_rest":10556,"minecraft:damage_dealt":60,"minecraft:crouch_one_cm":62,"minecraft:leave_game":1,"minecraft:play_time":10556,"minecraft:sprint_one_cm":2338,"minecraft:time_since_death":10556,"minecraft:walk_one_cm":2803,"minecraft:sneak_time":108,"minecraft:total_world_time":10556,"minecraft:mob_kills":1,"minecraft:fly_one_cm":19504,"minecraft:damage_dealt_resisted":0},"minecraft:picked_up":{"minecraft:string":1}},"DataVersion":3465}